hidden1,
3469, 3531, 4242, 4179, 2837, 3266, 15, 4159, 3726, 3835, 2680, 3061, 4359, 3312, 3779, 1027, 3046, 2825, 4218, 3793, 3793, 3503, 2787, 2967, 3807, 3968, 4056, 5180, 3581, 3214, 2895, 4163, 4314, 2877, 3954, 1990, 2947, 4296, 3398, 3548, 3455, 3569, 3846, 3187, 4399, 2979, 3110, 3689, 3243, 3803, 3725, 4391, 3859, 2745, 3989, 4264, 3613, 4052, 4200, 3644, 3760, 3553, 3557, 3714, 2737, 3391, 4013, 2770, 4107, 3177, 2718, 3580, 2633, 3125, 3339, 4038, 3079, 3237, 3499, 4384, 4019, 3716, 3972, 3627, 3208, 3576, 3949, 4580, 3086, 4123, 2693, 3609, 4233, 3440, 2899, 3129, 2796, 2515, 3203, 4361, 2656, 3764, 4233, 2241, 2148, 3178, 3822, 3667, 3201, 2114, 2381, 3303, 3585, 4603, 3652, 3325, 3418, 4710, 3633, 3548, 3756, 3605, 4747, 3781, 4365, 3811, 3315, 3228, 3314, 2150, 3481, 2798, 3532, 3984, 2457, 2386, 1393, 3948, 4449, 4205, 3546, 3256, 4457, 3921, 3416, 3382, 3585, 3007, 3892, 4155, 3346, 1434, 4115, 3709, 1615, 4157, 3289, 3568, 3668, 3136, 2748, 4141, 3191, 4021, 3722, 3238, 3442, 2570, 4331, 4606, 3909, 3881, 3404, 2739, 3476, 4777, 3536, 3901, 2879, 4236, 3391, 3395, 3253, 3768, 3113, 2531, 4248, 3325, 4216, 4241, 3274, 1799, 3428, 2947, 3805, 3369, 4418, 4871, 4843, 3347, 
hidden2,
4409, 3936, 4170, 5129, 3978, 5092, 5100, 4358, 5775, 3727, 3675, 2887, 3905, 4506, 3959, 4236, 3805, 4108, 3723, 4722, 4296, 3340, 4105, 2741, 2429, 4706, 4081, 4356, 2975, 3917, 3729, 4201, 2604, 3691, 3481, 3644, 4091, 4082, 4276, 4506, 3303, 4200, 4288, 3614, 3179, 3707, 5047, 4079, 4465, 4493, 3361, 3788, 4395, 4592, 4791, 4420, 3766, 4692, 3234, 4056, 4407, 4061, 3025, 3386, 3779, 4732, 3408, 3631, 4160, 1222, 3470, 4196, 4327, 4497, 4266, 4375, 3638, 3284, 3776, 5145, 3101, 4659, 3953, 4816, 4054, 4159, 4770, 5020, 2999, 4404, 3843, 4046, 4451, 3984, 4075, 4260, 3525, 3218, 3505, 3117, 
hidden3,
4616, 4617, 5604, 4606, 4697, 5467, 5718, 5857, 4947, 4528, 0, 4542, 3781, 4487, 3983, 4336, 4923, 4206, 4526, 5072, 4888, 4277, 3820, 4581, 5630, 3433, 5781, 5988, 4907, 4980, 5478, 4139, 3323, 4931, 4924, 4384, 4952, 5030, 4978, 4297, 3822, 4552, 3799, 4762, 5862, 4873, 4833, 4751, 4243, 3395, 5373, 5325, 4550, 5267, 4963, 4199, 5669, 3989, 4318, 2563, 
hidden4,
5545, 5231, 4738, 5583, 5275, 5476, 4926, 4706, 5510, 5688, 5170, 5079, 5586, 5088, 5191, 5213, 4586, 4865, 5567, 5035, 4944, 5075, 4933, 5223, 5939, 5044, 5410, 4432, 4992, 5046, 
hidden1,
57, 46, 60, 69, 30, 46, 0, 70, 56, 62, 61, 58, 81, 62, 51, 8, 37, 52, 72, 56, 55, 59, 52, 31, 64, 49, 86, 84, 59, 59, 48, 66, 68, 32, 70, 32, 59, 67, 56, 72, 55, 42, 65, 45, 57, 48, 63, 49, 45, 60, 44, 52, 52, 40, 60, 70, 64, 73, 69, 64, 78, 40, 51, 39, 35, 65, 83, 39, 64, 57, 39, 52, 36, 58, 54, 47, 45, 45, 54, 59, 47, 54, 50, 56, 53, 43, 55, 72, 37, 71, 42, 36, 60, 44, 42, 47, 57, 22, 40, 48, 43, 65, 54, 34, 27, 43, 50, 63, 43, 41, 39, 50, 48, 72, 59, 60, 64, 56, 64, 69, 47, 54, 62, 50, 72, 62, 54, 49, 40, 36, 54, 43, 57, 71, 48, 60, 30, 67, 67, 53, 62, 41, 74, 72, 60, 49, 57, 59, 57, 77, 51, 34, 41, 60, 18, 47, 59, 38, 52, 52, 53, 65, 46, 42, 50, 43, 51, 48, 74, 52, 50, 67, 59, 40, 73, 81, 58, 59, 49, 51, 55, 58, 52, 45, 44, 44, 74, 43, 66, 57, 60, 15, 66, 51, 59, 47, 73, 75, 75, 40, 
hidden2,
72, 56, 78, 76, 59, 85, 83, 67, 93, 69, 46, 59, 50, 79, 52, 59, 53, 55, 53, 75, 64, 56, 63, 48, 39, 62, 50, 70, 41, 51, 69, 77, 29, 65, 59, 43, 63, 72, 71, 62, 45, 67, 75, 56, 38, 57, 86, 69, 60, 78, 42, 47, 71, 65, 61, 69, 61, 63, 59, 52, 89, 40, 49, 71, 44, 74, 63, 56, 77, 6, 48, 78, 67, 70, 56, 69, 43, 64, 54, 75, 56, 68, 72, 64, 65, 77, 80, 89, 40, 59, 71, 56, 81, 53, 85, 68, 55, 42, 67, 38, 
hidden3,
93, 89, 95, 70, 86, 94, 109, 116, 88, 75, 0, 77, 61, 76, 61, 55, 73, 61, 84, 94, 82, 64, 61, 71, 96, 38, 101, 88, 86, 83, 92, 59, 59, 97, 93, 67, 77, 83, 86, 69, 71, 66, 64, 77, 90, 80, 80, 66, 61, 61, 77, 91, 77, 87, 95, 70, 100, 57, 81, 21, 
hidden4,
115, 110, 88, 97, 117, 84, 77, 89, 100, 108, 109, 103, 104, 73, 96, 101, 90, 99, 107, 113, 96, 83, 98, 107, 99, 102, 111, 73, 108, 98, 
